Customer_ID,Name,Gender,Age_Group,Country
C0001,Philip Patrick,Female,36-45,France
C0002,Jason Adams,Male,18-25,UK
C0003,Patricia Dixon,Male,46-60,Germany
C0004,Ann Gomez,Male,26-35,USA
C0005,Andrea Reed,Female,26-35,USA
C0006,Kathryn Frazier,Male,46-60,France
C0007,Brandon Pena,Female,46-60,USA
C0008,Lisa Johnson,Male,26-35,USA
C0009,Timothy Barron,Male,26-35,France
C0010,Jennifer Davis,Male,26-35,Canada
C0011,Rachel Sandoval,Male,26-35,UK
C0012,Kathleen Davenport,Male,46-60,Germany
C0013,Benjamin Kelley,Male,36-45,Germany
C0014,Lauren Hall,Male,26-35,France
C0015,Bryan Hess,Female,36-45,France
C0016,Mariah Levy,Male,36-45,UK
C0017,Taylor Roman,Male,26-35,Canada
C0018,Jacqueline Davis,Male,26-35,France
C0019,Martin Clarke,Male,18-25,Canada
C0020,Ricky Frazier,Male,46-60,USA
C0021,Colin Harris,Female,26-35,Canada
C0022,David Stephens,Female,46-60,USA
C0023,Kenneth Howell,Female,46-60,Germany
C0024,Mary Hines,Male,26-35,USA
C0025,Mr. Gary Sims,Female,36-45,USA
C0026,Dr. Clayton Johnson,Male,46-60,Canada
C0027,Daniel Kirk,Male,36-45,USA
C0028,Michelle Brewer,Female,36-45,Canada
C0029,Jared Kirk,Female,26-35,Germany
C0030,Timothy Trujillo,Female,18-25,UK
C0031,Kimberly Dixon,Male,18-25,USA
C0032,Margaret Ochoa,Female,18-25,Germany
C0033,Stephanie Miller,Male,26-35,France
C0034,Shirley Mccormick,Male,18-25,UK
C0035,Jose Anderson,Female,60+,Canada
C0036,Laurie Padilla,Female,36-45,UK
C0037,Kimberly Manning,Female,26-35,USA
C0038,Erin Campbell,Male,26-35,UK
C0039,Leah Jones,Female,36-45,Canada
C0040,James Marshall,Male,18-25,Germany
C0041,Donna Garcia,Female,26-35,Canada
C0042,Tony Lewis,Male,26-35,UK
C0043,Anne Hunt,Male,60+,UK
C0044,Cheryl Armstrong,Male,46-60,Canada
C0045,Sarah Stark,Female,18-25,Germany
C0046,Patrick Ingram,Female,36-45,France
C0047,Steven Luna,Female,18-25,France
C0048,Cheryl Anderson,Male,18-25,Canada
C0049,Tracy Tucker,Male,26-35,Canada
C0050,Heather Gibson,Male,26-35,USA
C0051,Paul Frey,Female,26-35,Canada
C0052,Stephen Sanchez,Male,26-35,USA
C0053,Casey Jones,Male,26-35,Germany
C0054,Nicholas Miller,Male,26-35,UK
C0055,Debbie Reed,Male,46-60,France
C0056,Shelly Craig,Female,18-25,UK
C0057,Theresa Bradley,Female,26-35,Germany
C0058,Brittany Melton,Male,36-45,France
C0059,Alex Perez,Female,36-45,Germany
C0060,Michelle Gilmore,Male,26-35,France
C0061,Steven Olsen,Female,26-35,USA
C0062,Scott Nguyen,Female,36-45,Germany
C0063,Crystal Campbell,Male,26-35,Canada
C0064,Stacy Smith,Male,36-45,Germany
C0065,Sara Kaufman,Male,36-45,Canada
C0066,Brenda Benton,Female,26-35,Canada
C0067,Natasha Romero,Female,46-60,UK
C0068,Laura Wagner,Male,46-60,Germany
C0069,James Long,Male,18-25,USA
C0070,Roger Evans,Male,46-60,Canada
C0071,Dalton Grant,Female,26-35,Canada
C0072,Wayne Anderson,Male,26-35,Canada
C0073,Renee Mitchell,Male,18-25,Germany
C0074,Samantha Barnes,Female,60+,Germany
C0075,Jessica Logan,Female,36-45,Canada
C0076,Karl Ortiz,Male,60+,UK
C0077,Jesse Perry,Female,36-45,USA
C0078,Cynthia Dougherty,Female,46-60,Germany
C0079,Nicole Ross,Female,26-35,Canada
C0080,Krystal Mcclain,Male,36-45,USA
C0081,Vincent Adams,Female,36-45,Germany
C0082,Darrell Cox,Female,36-45,Germany
C0083,Amber Mendez,Female,26-35,USA
C0084,John Phillips,Male,46-60,Canada
C0085,Jason Martinez,Female,18-25,UK
C0086,Haley Davis,Male,60+,Germany
C0087,Claudia Swanson,Male,26-35,France
C0088,Amanda Potts,Male,36-45,France
C0089,Morgan Davis,Male,26-35,UK
C0090,Cheryl Ford,Female,36-45,Canada
C0091,David Summers Jr.,Male,26-35,USA
C0092,Larry Molina,Male,46-60,Germany
C0093,Laura Waller,Female,26-35,UK
C0094,George Drake,Female,36-45,UK
C0095,Jason Kim,Male,46-60,Germany
C0096,Brandy Hodges,Male,36-45,UK
C0097,Mallory Benson,Female,26-35,France
C0098,Craig Bailey,Male,18-25,Germany
C0099,Jason Nichols,Male,46-60,UK
C0100,Maria Hall,Male,36-45,USA
C0101,David Davis,Female,46-60,Canada
C0102,David Hoffman,Male,36-45,USA
C0103,Diane Austin,Female,26-35,Germany
C0104,Brian Sanders,Male,46-60,Canada
C0105,Joseph Hatfield,Male,18-25,UK
C0106,John Walker,Female,18-25,USA
C0107,Jennifer Harper,Female,36-45,Germany
C0108,Jeffrey Miller,Female,36-45,Canada
C0109,Samuel Hayes,Female,36-45,Canada
C0110,Dominique Shaffer,Female,46-60,Germany
C0111,Wanda Nguyen,Male,46-60,UK
C0112,David Alvarez,Female,18-25,Germany
C0113,Sabrina Garcia,Male,60+,UK
C0114,Carol Parks,Male,26-35,Germany
C0115,Joshua Robles MD,Male,46-60,Germany
C0116,Lauren Carpenter,Female,36-45,Germany
C0117,Francisco Ramirez,Female,26-35,France
C0118,Nicole Underwood,Female,60+,USA
C0119,Scott Martin,Female,26-35,UK
C0120,Marcus Kim,Female,26-35,USA
C0121,Mary Wong,Male,46-60,Germany
C0122,Barry Dickerson,Female,26-35,France
C0123,Anthony Stephens,Female,36-45,UK
C0124,Amanda Dixon,Male,18-25,Germany
C0125,Laura Newton,Male,36-45,Germany
C0126,Keith Moss,Male,36-45,USA
C0127,Chad Bond,Male,36-45,Canada
C0128,Monica Mitchell,Female,46-60,France
C0129,Jon Smith,Male,46-60,Germany
C0130,Christopher Williams,Female,60+,Germany
C0131,Andrew Gray,Female,18-25,Germany
C0132,Jonathan Roberts,Female,60+,USA
C0133,Lisa Buchanan,Male,36-45,USA
C0134,Jennifer Maldonado,Female,60+,UK
C0135,Susan Pearson,Female,26-35,USA
C0136,Leroy Perkins,Female,36-45,France
C0137,Krystal Garcia,Male,46-60,Canada
C0138,Julia Lane,Male,36-45,USA
C0139,Jason Williams,Female,26-35,France
C0140,Kim Holloway,Male,36-45,USA
C0141,Cory Bray,Female,26-35,Germany
C0142,Debra Chung,Female,26-35,UK
C0143,Bruce Li,Female,36-45,USA
C0144,Adam Donaldson,Male,60+,UK
C0145,Omar Nelson,Male,60+,USA
C0146,Karen Thomas,Female,36-45,Canada
C0147,Lucas Lewis,Male,46-60,Germany
C0148,Charlene Lara,Male,26-35,USA
C0149,Stacy Carter,Male,26-35,USA
C0150,Tyler Gilbert,Male,36-45,UK
C0151,Daniel Thompson,Female,26-35,UK
C0152,Pamela Phillips,Female,26-35,Germany
C0153,Christian Ibarra,Female,46-60,France
C0154,Allison Bridges,Male,26-35,UK
C0155,Brian Mccarthy,Female,60+,USA
C0156,Amanda Perry,Female,46-60,Canada
C0157,Brendan Marshall,Male,18-25,France
C0158,Jeffrey Oconnor,Male,26-35,USA
C0159,Samantha Wilkinson,Female,60+,UK
C0160,Kurt Lopez,Female,46-60,USA
C0161,Jason Clark,Female,26-35,USA
C0162,Martha Greene,Male,46-60,France
C0163,Charles Robinson,Female,36-45,UK
C0164,Richard Brown,Male,46-60,Canada
C0165,Julie Simon,Female,18-25,UK
C0166,Margaret Harvey,Male,46-60,France
C0167,Danny Curtis,Female,26-35,Canada
C0168,Kimberly Smith,Male,60+,UK
C0169,Susan Taylor,Male,26-35,USA
C0170,Miguel Reynolds,Female,46-60,France
C0171,Robert Pope,Male,18-25,Germany
C0172,Megan Turner,Female,46-60,Germany
C0173,Madeline Scott,Female,26-35,France
C0174,Ronald Brooks,Male,36-45,USA
C0175,Mrs. Laurie Archer,Male,36-45,Canada
C0176,Jonathan Porter,Female,46-60,USA
C0177,Dillon James,Male,18-25,USA
C0178,Alejandra Taylor,Male,26-35,Canada
C0179,Derek Curtis,Female,46-60,USA
C0180,Kelsey Ramirez,Male,26-35,USA
C0181,Brandy Robertson,Female,26-35,UK
C0182,Nancy Hickman,Male,46-60,USA
C0183,Mrs. Samantha Kennedy,Female,36-45,Germany
C0184,Jerry Jackson,Female,36-45,Canada
C0185,Kim Martin,Male,60+,USA
C0186,Monica Johnson,Male,46-60,UK
C0187,Richard Reid,Male,36-45,France
C0188,Sydney Barnes,Male,18-25,Canada
C0189,Sarah Johnson,Male,46-60,Canada
C0190,Christopher Berger,Female,46-60,Canada
C0191,Rebecca Brown,Female,18-25,Germany
C0192,Caroline Webb,Male,60+,Germany
C0193,Joshua Wilson,Male,18-25,USA
C0194,Allison Franklin,Male,26-35,Germany
C0195,Catherine Wolf,Male,36-45,USA
C0196,Mary Larsen,Female,46-60,USA
C0197,Michelle Flores,Female,26-35,UK
C0198,Michelle Sandoval,Male,26-35,France
C0199,Michael Guzman,Female,46-60,Canada
C0200,Justin Walter,Female,60+,Germany
C0201,Geoffrey Stanley,Male,26-35,UK
C0202,Ryan Prince,Female,26-35,UK
C0203,Sheila Hammond,Female,46-60,USA
C0204,Martin Payne,Male,18-25,UK
C0205,Joanna Barton,Female,46-60,Canada
C0206,Christopher Johnson,Female,46-60,France
C0207,Peter Callahan,Female,18-25,Canada
C0208,Gabrielle Farrell,Female,26-35,Germany
C0209,Victor Barton,Male,26-35,Germany
C0210,Corey Mccarty,Male,18-25,Canada
C0211,Benjamin Myers,Male,26-35,Canada
C0212,Kathy Miller,Male,36-45,UK
C0213,Megan Perkins,Male,60+,France
C0214,Alan Larsen,Female,36-45,France
C0215,Cody Berry,Female,36-45,USA
C0216,Amanda White,Female,36-45,USA
C0217,Jennifer Harrell,Male,26-35,Germany
C0218,Pamela Thompson,Male,18-25,Germany
C0219,Latoya Holmes,Male,46-60,Canada
C0220,Charles Santiago,Male,26-35,UK
C0221,Autumn Thompson,Female,26-35,UK
C0222,Brooke Anthony,Female,46-60,Canada
C0223,Jeffrey Allen,Male,36-45,France
C0224,William Meyers,Male,26-35,Canada
C0225,Colin Holland,Female,46-60,Germany
C0226,Dana Hall,Female,36-45,Germany
C0227,Brandon Jackson,Female,26-35,USA
C0228,Lauren Mora,Male,26-35,Germany
C0229,Benjamin Lucas,Male,26-35,Germany
C0230,Andrea Andrews,Male,36-45,France
C0231,David Ward,Male,36-45,UK
C0232,Luis Robertson,Male,36-45,Germany
C0233,Gary Coleman,Male,26-35,France
C0234,John Jones,Female,36-45,USA
C0235,Angela Gonzales,Female,26-35,Canada
C0236,Haley Patrick,Female,26-35,Germany
C0237,Duane Lowe,Female,60+,Canada
C0238,Brianna Lopez,Female,36-45,Germany
C0239,Maria Freeman,Male,18-25,USA
C0240,Curtis Gibson,Female,18-25,France
C0241,Shelby Robinson,Female,26-35,Canada
C0242,Michael Jackson,Male,36-45,France
C0243,David Mcdonald,Female,18-25,France
C0244,Kimberly Parker,Female,36-45,UK
C0245,Charles White,Male,26-35,Canada
C0246,Debbie Oliver DDS,Male,60+,USA
C0247,Theresa White,Male,18-25,UK
C0248,Christopher Sandoval,Male,26-35,USA
C0249,Becky Wood,Male,26-35,USA
C0250,Derek Moore,Male,18-25,Germany
C0251,Andrea Holder,Male,46-60,France
C0252,Edward Vang,Female,36-45,Canada
C0253,Donald Walker,Female,46-60,France
C0254,Angela Young,Female,26-35,UK
C0255,Seth Cole,Male,36-45,UK
C0256,Rickey Cameron,Female,36-45,France
C0257,Joshua Reid,Male,18-25,Canada
C0258,Monica Carr,Male,36-45,Canada
C0259,Nicholas Gross DDS,Female,36-45,Canada
C0260,Carrie Perez,Female,36-45,France
C0261,Anne French,Female,60+,Canada
C0262,Christopher Choi,Male,60+,Germany
C0263,Ronnie Moore,Female,36-45,Canada
C0264,Scott Williams,Female,18-25,Canada
C0265,Victoria White,Female,46-60,France
C0266,Melissa Bates,Female,26-35,Germany
C0267,Erin Kelly,Female,26-35,USA
C0268,Christopher Bartlett,Female,46-60,Canada
C0269,Lisa Davis,Female,18-25,UK
C0270,Dale Fox,Male,18-25,UK
C0271,Michael Jenkins,Male,26-35,Germany
C0272,Dylan Adkins,Female,26-35,UK
C0273,Cody Wright,Male,36-45,USA
C0274,Mark Hawkins,Female,26-35,France
C0275,Jessica Hill,Female,36-45,UK
C0276,Amanda Smith,Female,26-35,USA
C0277,Karen Mcdaniel,Female,26-35,France
C0278,Michelle Walker,Female,46-60,UK
C0279,Jacqueline Perry,Female,60+,Canada
C0280,Jacob Brooks,Male,18-25,Canada
C0281,Angela Charles,Male,18-25,USA
C0282,Crystal Sutton,Male,46-60,Canada
C0283,Brian Joseph,Female,36-45,UK
C0284,Jamie Lewis,Male,26-35,USA
C0285,Mrs. Monica Lopez,Female,46-60,UK
C0286,James Brown,Female,46-60,UK
C0287,Sandra Davis,Male,46-60,Canada
C0288,Kristy Hess,Female,36-45,France
C0289,Patricia Smith,Male,26-35,UK
C0290,Shawn Wang,Male,46-60,USA
C0291,Noah Bell,Male,26-35,France
C0292,Kayla Jones,Male,18-25,France
C0293,Kelly Simmons,Male,26-35,Germany
C0294,Joseph Brown,Male,46-60,USA
C0295,Peter Harrison,Female,26-35,USA
C0296,Elizabeth Brennan,Male,18-25,Germany
C0297,Christopher Anderson,Female,26-35,Canada
C0298,Natasha Chan,Female,26-35,USA
C0299,Elizabeth Nguyen MD,Female,36-45,Canada
C0300,Andrew Reynolds,Female,18-25,Germany
C0301,Susan Schmidt,Female,46-60,France
C0302,William Fitzgerald,Female,18-25,UK
C0303,Kelly Baxter,Male,60+,France
C0304,Robert White,Female,36-45,USA
C0305,Melissa Stewart,Female,36-45,Canada
C0306,Mr. Travis Mason DDS,Male,18-25,Germany
C0307,Daniel Clark,Female,26-35,Canada
C0308,Teresa Smith,Male,26-35,UK
C0309,Jeffrey Willis,Male,26-35,Canada
C0310,Melinda Waller,Male,60+,USA
C0311,Raymond Hubbard,Female,26-35,USA
C0312,Deborah Rodriguez,Male,26-35,Canada
C0313,Adrienne Farmer,Male,36-45,USA
C0314,Carolyn Hall,Female,46-60,Germany
C0315,James Dickson,Female,36-45,USA
C0316,Emma Wright,Male,46-60,USA
C0317,Jacob Johnson,Female,26-35,Canada
C0318,Jenna Walker,Male,46-60,Canada
C0319,Bryan Diaz,Female,36-45,France
C0320,Thomas Willis,Female,36-45,USA
C0321,David Porter,Male,26-35,Germany
C0322,Matthew Peterson,Female,36-45,France
C0323,Susan Brown,Male,26-35,UK
C0324,Brett Bowen,Male,36-45,Germany
C0325,Nicole Erickson,Female,60+,Germany
C0326,Pedro Clark,Male,26-35,Canada
C0327,Wayne Salas,Male,26-35,France
C0328,Ariana Henderson,Female,60+,France
C0329,Samantha Thomas,Female,60+,UK
C0330,Tracey Reid,Male,36-45,Germany
C0331,Raymond Adams,Male,18-25,France
C0332,Chad Adams,Female,46-60,USA
C0333,Andrew James,Male,36-45,Canada
C0334,James Barton,Female,46-60,Germany
C0335,Patrick Baker,Male,18-25,France
C0336,Laura Armstrong,Male,60+,Germany
C0337,Ariel Hamilton,Male,26-35,USA
C0338,James Johnson,Male,60+,USA
C0339,Abigail Stevenson,Male,46-60,UK
C0340,Lisa Smith,Male,26-35,France
C0341,Dustin Randall,Male,18-25,Canada
C0342,Elizabeth Dunlap,Male,60+,France
C0343,Jessica Mack,Female,60+,France
C0344,Jacob Hood,Female,26-35,Canada
C0345,Miss Heather Smith,Female,36-45,USA
C0346,Larry Adams,Male,36-45,UK
C0347,Ryan Rios,Male,26-35,USA
C0348,James Turner,Female,60+,Germany
C0349,Alison Mcbride,Female,26-35,Canada
C0350,Christopher Rogers,Female,36-45,UK
C0351,Joshua Hamilton,Female,26-35,UK
C0352,Paula House,Male,60+,Germany
C0353,Elizabeth Lee,Female,36-45,France
C0354,Carrie Barnes,Male,26-35,Germany
C0355,Matthew Kennedy,Female,60+,Canada
C0356,David Kennedy,Female,26-35,France
C0357,Brandi Russell,Male,26-35,UK
C0358,Kelly Medina,Male,18-25,Germany
C0359,Jonathan Martin,Female,36-45,USA
C0360,Nicholas Alexander,Male,18-25,Germany
C0361,Stephanie Ewing,Female,36-45,Canada
C0362,Ronald Stewart,Male,36-45,Canada
C0363,Yolanda Jackson,Female,26-35,France
C0364,Jennifer Simmons,Female,18-25,UK
C0365,Cody Jones,Male,26-35,USA
C0366,Jason Thomas,Male,26-35,Germany
C0367,Jonathan Gonzalez,Male,26-35,Canada
C0368,Chelsea Smith,Male,26-35,France
C0369,Jennifer Myers,Male,46-60,USA
C0370,Jessica Hayes,Female,60+,France
C0371,Steven Martin,Female,36-45,UK
C0372,Nancy Cardenas,Male,60+,France
C0373,Angela White,Female,60+,USA
C0374,Christopher Wiley,Male,46-60,UK
C0375,Jasmine Horn,Female,26-35,Germany
C0376,Mark Williams,Male,36-45,Canada
C0377,Benjamin Phillips,Male,36-45,USA
C0378,Jordan Alexander,Female,36-45,Canada
C0379,Jamie Bennett,Male,46-60,USA
C0380,Jose Gray,Male,26-35,Canada
C0381,John Price,Male,60+,Canada
C0382,Jason Ryan,Female,26-35,UK
C0383,Mr. Scott Romero,Female,26-35,USA
C0384,Jessica Coleman,Male,26-35,USA
C0385,Charles Nichols,Female,26-35,USA
C0386,Amanda Juarez DDS,Female,46-60,France
C0387,Kayla Hall,Female,46-60,USA
C0388,Julie Payne,Male,60+,Germany
C0389,Laura Williams,Female,46-60,Germany
C0390,Michelle Moore,Male,36-45,Canada
C0391,Michael Jordan,Male,36-45,USA
C0392,Amanda Salazar PhD,Male,26-35,USA
C0393,Travis Sanchez,Male,36-45,France
C0394,Jamie Jones,Female,36-45,USA
C0395,Melissa Patton,Male,26-35,France
C0396,Frederick Garza,Female,36-45,USA
C0397,Marissa Mcdonald,Male,26-35,UK
C0398,Tammy Waters,Male,46-60,UK
C0399,Charles Thompson,Male,36-45,France
C0400,April Foster,Male,46-60,Canada
C0401,Teresa Cardenas,Female,26-35,France
C0402,Hannah Gross,Female,18-25,Canada
C0403,Melissa Cunningham,Female,46-60,USA
C0404,Jamie Grimes,Female,26-35,USA
C0405,Manuel Burton,Female,26-35,UK
C0406,Catherine Simmons,Female,36-45,France
C0407,Matthew Snyder,Female,26-35,USA
C0408,Alexander Perkins,Male,46-60,France
C0409,Caitlyn Rivera,Male,46-60,Canada
C0410,Julie Anderson,Male,26-35,UK
C0411,Jennifer Hernandez,Female,60+,Canada
C0412,Vanessa Flores,Male,26-35,France
C0413,Mary Mason,Female,36-45,Canada
C0414,Karen Dunn,Male,60+,Canada
C0415,Zachary Hernandez,Male,60+,Germany
C0416,Brian Bell,Female,46-60,UK
C0417,Jake Garcia,Female,18-25,Germany
C0418,Holly Crane,Male,60+,Canada
C0419,Amanda Mcguire,Male,46-60,France
C0420,Sarah Nelson,Male,26-35,Canada
C0421,Stephanie Snow,Male,18-25,Canada
C0422,Sierra Barber,Female,26-35,UK
C0423,Tammy Callahan,Female,36-45,USA
C0424,Brian Wilson,Male,26-35,UK
C0425,Andrea Marsh,Male,26-35,France
C0426,Melinda Kent,Female,26-35,Germany
C0427,Sandy Hernandez,Female,60+,USA
C0428,Christopher Black,Female,26-35,France
C0429,Jordan Johnson,Male,26-35,USA
C0430,Jeffrey Mclean,Female,36-45,France
C0431,Crystal Bailey,Female,46-60,Canada
C0432,Cynthia Snyder,Female,36-45,USA
C0433,Justin Campbell,Female,36-45,France
C0434,Alejandro Miller,Male,26-35,UK
C0435,Stephen Roberts,Male,18-25,UK
C0436,Megan Sanford,Female,18-25,USA
C0437,Jennifer Reynolds,Female,26-35,Canada
C0438,Amy Wallace,Female,26-35,USA
C0439,David Baker,Male,36-45,Canada
C0440,Meghan Mccoy,Female,36-45,UK
C0441,Dawn Hood,Female,36-45,Canada
C0442,Tyler Beck,Female,36-45,UK
C0443,Pam Morgan,Male,36-45,France
C0444,Shannon Glover,Female,36-45,UK
C0445,Alexis Smith,Male,18-25,USA
C0446,Crystal Montgomery,Female,46-60,Canada
C0447,Christopher Tucker,Male,46-60,Germany
C0448,Lawrence Kelly,Female,18-25,France
C0449,Eric Swanson,Female,26-35,UK
C0450,Alexander Mason,Male,46-60,USA
C0451,Matthew Dixon,Female,26-35,USA
C0452,Jason Ochoa,Male,18-25,USA
C0453,Matthew Hernandez,Female,36-45,Germany
C0454,Kyle Lee,Female,46-60,Germany
C0455,Sarah Herrera,Female,26-35,USA
C0456,Peter Hill,Male,46-60,France
C0457,Dwayne Moore,Male,26-35,USA
C0458,Nancy Williams,Female,46-60,USA
C0459,Oscar Monroe,Male,26-35,Germany
C0460,Alexandria Rodriguez,Male,46-60,USA
C0461,Anthony Crane,Female,46-60,Germany
C0462,Bradley Nelson,Female,18-25,Germany
C0463,Susan Henson,Female,60+,Canada
C0464,Pamela Gibbs,Male,36-45,France
C0465,John Thomas,Male,60+,USA
C0466,Jeffrey Parks,Female,18-25,Germany
C0467,Joy Nguyen,Male,18-25,Germany
C0468,Melissa Hicks,Male,18-25,UK
C0469,Steven Richards,Male,46-60,Canada
C0470,James Anderson,Female,26-35,Canada
C0471,Randy Sullivan,Female,60+,France
C0472,Michael Ortiz,Female,36-45,France
C0473,James Russell,Male,26-35,UK
C0474,Alicia Walker,Male,18-25,Germany
C0475,Marie Sawyer,Female,46-60,Canada
C0476,Benjamin Jones,Male,46-60,France
C0477,Angela Lopez,Male,26-35,USA
C0478,David Chambers,Female,18-25,Canada
C0479,Michael Joseph,Female,36-45,Germany
C0480,Dawn Fuller,Female,26-35,UK
C0481,Ashley Martinez,Male,18-25,USA
C0482,Eric White,Male,60+,USA
C0483,Daniel Simpson,Male,46-60,France
C0484,Rhonda James,Female,60+,USA
C0485,William Diaz,Male,46-60,UK
C0486,Diana Fuentes,Male,18-25,USA
C0487,Albert White,Male,18-25,France
C0488,Carolyn Howard,Male,36-45,France
C0489,Andrew Massey,Male,60+,USA
C0490,Susan Gibson,Male,26-35,Germany
C0491,Amy Miller,Female,60+,Canada
C0492,Connie Anderson,Female,26-35,Canada
C0493,Allison Barrett,Male,46-60,Germany
C0494,Bruce Watson,Female,36-45,Germany
C0495,Renee Schultz,Male,46-60,USA
C0496,Gabriela Hall,Female,46-60,USA
C0497,Shaun Summers,Male,26-35,UK
C0498,Elizabeth Kennedy,Male,18-25,France
C0499,Sierra Blevins,Male,36-45,France
C0500,Jason Blake,Female,26-35,UK
C0501,Dale Robinson,Male,26-35,Canada
C0502,Sarah Wilkins,Male,26-35,Canada
C0503,Stephen Crane,Female,36-45,Canada
C0504,Zachary Gonzalez,Male,26-35,France
C0505,Eric Wells,Male,26-35,Canada
C0506,Diane Montoya,Male,18-25,France
C0507,Adam Hubbard,Male,36-45,UK
C0508,Randall Williams MD,Male,26-35,France
C0509,Sydney Wagner,Male,26-35,France
C0510,Laura Ford,Female,36-45,UK
C0511,Paul Barton,Female,26-35,Germany
C0512,Gary Edwards,Male,26-35,Germany
C0513,Joshua Morgan,Male,26-35,Canada
C0514,Paul Hernandez,Male,46-60,USA
C0515,Steven Frank,Male,60+,France
C0516,Jeffrey Diaz,Male,60+,France
C0517,Veronica Mejia,Male,26-35,France
C0518,Andrew Bennett,Female,18-25,Germany
C0519,Lauren Reyes,Male,26-35,Germany
C0520,Kaylee Francis,Female,46-60,Canada
C0521,Cynthia Vaughn,Female,18-25,France
C0522,Bryan Austin,Male,36-45,Canada
C0523,John Baker,Female,36-45,France
C0524,Jason Simmons,Female,26-35,USA
C0525,Joseph Baker,Female,26-35,Germany
C0526,Anna Atkinson,Female,46-60,Canada
C0527,Hannah Medina,Female,46-60,USA
C0528,Kristina Stephenson,Male,26-35,USA
C0529,Andrea Moss,Female,36-45,Germany
C0530,Richard Crawford,Female,36-45,UK
C0531,Ethan Craig,Female,46-60,USA
C0532,Loretta Townsend,Female,36-45,Canada
C0533,Kevin Hernandez,Female,26-35,Canada
C0534,Vanessa Smith,Male,18-25,UK
C0535,Angela White,Male,46-60,France
C0536,Deborah Williams,Female,18-25,USA
C0537,Beth Anderson,Male,18-25,USA
C0538,Valerie Hardy,Female,46-60,France
C0539,Malik Chapman,Female,26-35,France
C0540,Lorraine Banks,Female,46-60,Germany
C0541,Justin Le,Male,36-45,Germany
C0542,Charles Harris,Male,46-60,USA
C0543,Randy Rodriguez,Female,46-60,Canada
C0544,Daniel Carr,Female,60+,France
C0545,Maria Osborn,Female,26-35,France
C0546,Jason Davis,Male,36-45,Germany
C0547,Andrea Myers,Male,46-60,Germany
C0548,Tina Weber,Female,26-35,UK
C0549,Nicole Johnson,Male,18-25,USA
C0550,Molly Henson,Male,18-25,Germany
C0551,Lauren Hammond,Male,36-45,UK
C0552,Michael Elliott,Female,26-35,Germany
C0553,Erin Bennett,Male,26-35,France
C0554,Latoya Turner,Female,26-35,Canada
C0555,Caleb Smith,Male,26-35,Germany
C0556,Juan Flores,Female,46-60,Canada
C0557,Kimberly Allen,Female,26-35,Germany
C0558,Julie Ruiz,Male,26-35,Germany
C0559,William Carson II,Male,36-45,USA
C0560,Danny Cook,Female,36-45,UK
C0561,Curtis Mills,Female,18-25,UK
C0562,Lisa Richards,Male,26-35,Canada
C0563,Alexis Smith,Female,26-35,France
C0564,Mary Rios,Female,46-60,UK
C0565,Jill Hoover,Male,26-35,USA
C0566,Paula Johnson,Female,18-25,UK
C0567,Nicole Roberts,Male,26-35,Canada
C0568,Julian Pratt,Male,18-25,Germany
C0569,Jessica Henson,Male,36-45,UK
C0570,Monica Hale,Female,60+,Canada
C0571,Lisa Lee,Female,36-45,USA
C0572,David Estes,Male,26-35,UK
C0573,Raymond Allen,Male,60+,Canada
C0574,Justin Perry,Male,26-35,USA
C0575,Tiffany Perry,Female,36-45,Canada
C0576,Kevin Jordan,Male,46-60,USA
C0577,Lydia Carr,Male,18-25,USA
C0578,Bradley Williams,Female,36-45,Germany
C0579,Connor Carter,Male,18-25,France
C0580,Melissa Mclean,Male,26-35,USA
C0581,Lydia Carter,Male,60+,USA
C0582,Samantha Wang,Male,46-60,Germany
C0583,Morgan Flynn,Male,46-60,France
C0584,Deborah Roberts,Female,46-60,France
C0585,Carly Murray,Male,46-60,USA
C0586,Joshua Freeman,Male,26-35,USA
C0587,Andrew Turner,Female,26-35,UK
C0588,Patricia Johnson,Male,46-60,Canada
C0589,Joe Pratt,Female,18-25,Canada
C0590,Michelle Collins,Female,18-25,Canada
C0591,Lisa Brown,Male,26-35,Canada
C0592,Jon Williams,Male,36-45,UK
C0593,Jennifer Moreno,Female,46-60,UK
C0594,David Diaz,Female,60+,France
C0595,Kayla Frazier,Male,26-35,Canada
C0596,Joseph Price,Male,26-35,Germany
C0597,Monica Peterson,Male,26-35,Canada
C0598,Justin Serrano,Female,26-35,Germany
C0599,Natasha Ball,Female,60+,UK
C0600,Lori Hernandez,Female,26-35,UK
C0601,Monica Brown,Female,46-60,UK
C0602,Micheal Mathis,Female,18-25,USA
C0603,Justin Zimmerman,Male,18-25,Canada
C0604,Janet Foster,Male,26-35,France
C0605,Mary Smith,Male,26-35,Germany
C0606,Eric Smith,Male,18-25,France
C0607,Jennifer Andrews,Male,36-45,UK
C0608,Alicia Wilson,Male,36-45,USA
C0609,Jeanne Smith,Female,36-45,France
C0610,Robin Rivera MD,Male,46-60,UK
C0611,Debra Miller,Female,26-35,UK
C0612,Alyssa Norman,Male,46-60,Germany
C0613,Cynthia Alexander,Female,46-60,UK
C0614,Anthony Baker,Male,60+,France
C0615,Jared Walsh,Female,36-45,USA
C0616,Elizabeth Robinson,Male,46-60,France
C0617,John Estrada,Male,26-35,Canada
C0618,Brandon Burgess,Male,36-45,USA
C0619,Nicholas Brown,Male,46-60,USA
C0620,Crystal Garcia,Female,18-25,Germany
C0621,Brenda King,Male,46-60,Germany
C0622,Sharon Ward,Female,36-45,USA
C0623,David Hamilton,Male,26-35,Canada
C0624,Michael Ramos,Male,36-45,Germany
C0625,Bryan George,Male,26-35,UK
C0626,Erin Ortiz,Female,26-35,Canada
C0627,Samantha Wolf,Male,26-35,USA
C0628,Gregory Krause,Female,18-25,USA
C0629,Dr. Megan Davis,Female,26-35,Germany
C0630,Matthew Aguirre,Female,26-35,Germany
C0631,Rachel Johnson,Male,36-45,UK
C0632,Robert Davis,Female,18-25,USA
C0633,Sarah Murray,Male,26-35,Canada
C0634,Tonya Leach,Female,60+,Germany
C0635,Carl Keller,Male,36-45,Canada
C0636,Antonio Ramirez,Female,26-35,Canada
C0637,Robyn Hart,Male,26-35,Canada
C0638,Lauren Miller,Male,60+,France
C0639,Jonathan Richardson,Female,36-45,Canada
C0640,Diana Garcia,Male,18-25,Germany
C0641,Eric Riley,Female,36-45,Germany
C0642,Alejandra Spencer,Male,36-45,France
C0643,Kendra Coleman,Male,46-60,UK
C0644,Tammy Pace,Male,36-45,USA
C0645,Barbara Ramos,Female,26-35,USA
C0646,Nancy Payne,Male,60+,France
C0647,Elizabeth Little,Male,26-35,Canada
C0648,Molly Lynch,Female,26-35,Canada
C0649,Jason Murphy,Female,18-25,France
C0650,Mario Byrd,Male,36-45,France
C0651,Kenneth Peterson,Male,26-35,Germany
C0652,Wesley Molina,Male,36-45,Canada
C0653,Abigail Craig,Male,60+,France
C0654,Jordan Cantu,Female,18-25,France
C0655,Chase Mann,Male,18-25,USA
C0656,Ann Morales,Male,46-60,Germany
C0657,Jennifer Wilkerson,Male,18-25,Canada
C0658,Sean Park DDS,Male,36-45,Canada
C0659,Steven Riggs,Male,46-60,USA
C0660,Samantha Singleton,Male,46-60,Canada
C0661,Patrick Levine,Female,26-35,UK
C0662,Cassandra Richardson,Female,46-60,Canada
C0663,Linda Martin,Male,46-60,UK
C0664,Angel Gallagher,Male,60+,France
C0665,Roger Carter,Male,36-45,France
C0666,Dr. Whitney Vargas DDS,Female,46-60,France
C0667,Ann Bauer,Male,46-60,France
C0668,Katie Hughes,Male,60+,USA
C0669,Nicholas Mills,Female,36-45,Canada
C0670,Ronald Ward,Female,36-45,Canada
C0671,Matthew Shaw,Female,26-35,USA
C0672,Kelly Hanson,Female,26-35,France
C0673,Andrew Young,Male,36-45,UK
C0674,Joseph Murray,Male,36-45,UK
C0675,Brian Jenkins,Male,46-60,France
C0676,Ryan Casey,Female,26-35,UK
C0677,Robert Casey,Male,36-45,Canada
C0678,Joshua May,Female,26-35,USA
C0679,Richard Leach,Male,26-35,Germany
C0680,Alexandra Chavez,Male,26-35,UK
C0681,Robert Smith,Male,18-25,Canada
C0682,Joseph Christensen,Male,36-45,Canada
C0683,Dana Clark,Female,26-35,Germany
C0684,Matthew Ruiz,Male,36-45,Canada
C0685,Cheryl Hunter,Female,36-45,France
C0686,Nancy Bolton,Male,60+,UK
C0687,Judith Diaz,Female,18-25,Canada
C0688,Michael Davis,Female,60+,Germany
C0689,Shawn Baker,Male,36-45,Germany
C0690,John Shaffer,Male,26-35,USA
C0691,Jenny Diaz,Male,46-60,UK
C0692,Andrea Barton,Female,26-35,UK
C0693,Lisa Martinez,Male,36-45,Germany
C0694,Nathan Hill,Female,60+,UK
C0695,Mary Keith,Male,46-60,Canada
C0696,Benjamin Cole,Male,36-45,Canada
C0697,Christina Mcdonald,Female,46-60,UK
C0698,Richard Tucker,Female,26-35,France
C0699,Patricia Johnson,Female,60+,USA
C0700,Michael Yoder,Female,18-25,France
C0701,Jose Myers,Female,46-60,USA
C0702,George Bailey,Male,36-45,USA
C0703,Richard Nelson,Female,18-25,Germany
C0704,Whitney Henry,Male,46-60,USA
C0705,Laura White,Female,36-45,UK
C0706,April English,Female,26-35,USA
C0707,Christopher Cuevas,Female,46-60,Canada
C0708,Laura Mullen,Male,36-45,USA
C0709,Patricia Jackson,Male,36-45,Canada
C0710,Ashley Roberts,Male,18-25,USA
C0711,Scott Barber,Male,46-60,UK
C0712,Carlos Ray,Female,26-35,Germany
C0713,Colleen Mcmillan,Male,26-35,Canada
C0714,Ronnie Griffin,Male,18-25,France
C0715,Scott Compton,Female,36-45,France
C0716,Joshua Parker,Female,26-35,UK
C0717,Danielle Ortega,Female,26-35,UK
C0718,Kimberly Lam,Male,36-45,USA
C0719,Amy Rich,Male,46-60,France
C0720,Julie Mendoza,Female,26-35,UK
C0721,Grace Roberts,Male,36-45,Germany
C0722,Alexis Butler,Male,18-25,Germany
C0723,Chad Glover,Female,26-35,Canada
C0724,Christina Glenn,Female,18-25,USA
C0725,Dawn Olson,Male,36-45,France
C0726,Manuel Cuevas,Female,36-45,USA
C0727,Jennifer Hansen,Female,18-25,Canada
C0728,Melinda Hale,Female,60+,Canada
C0729,Julie Ray,Female,36-45,UK
C0730,Jason Wilson,Female,60+,Germany
C0731,Matthew Stevens,Female,18-25,UK
C0732,Shannon Carpenter,Female,36-45,UK
C0733,Richard Torres,Male,36-45,France
C0734,Walter Kirk,Female,26-35,France
C0735,David Ross,Male,46-60,USA
C0736,Paul Jones,Male,26-35,France
C0737,Jeffrey Smith,Female,18-25,UK
C0738,Meredith Brown,Male,26-35,USA
C0739,Denise Ewing,Female,18-25,France
C0740,Jessica James,Female,26-35,Germany
C0741,Margaret Wilson,Female,36-45,UK
C0742,Tyler Butler,Female,36-45,UK
C0743,Robert Ward,Female,26-35,USA
C0744,Tammy Carroll,Male,26-35,Canada
C0745,Morgan Williams,Male,26-35,Germany
C0746,Courtney Clark,Male,26-35,UK
C0747,Karl Webb,Female,18-25,USA
C0748,Michelle Henry,Male,26-35,Canada
C0749,Steven Turner,Female,60+,Canada
C0750,Melissa Patel,Male,46-60,UK
C0751,Anna Taylor,Female,18-25,Canada
C0752,Nicholas Kennedy,Female,46-60,USA
C0753,Christopher Bass,Male,60+,UK
C0754,Erin Robinson,Male,46-60,Germany
C0755,Dawn Reyes,Male,36-45,Germany
C0756,Nancy Conrad,Female,36-45,France
C0757,Wayne Johnson,Male,26-35,UK
C0758,Erica Thomas,Female,36-45,France
C0759,Joy Harris,Female,18-25,Germany
C0760,Alison Moore,Female,26-35,USA
C0761,Ashley Arnold MD,Female,26-35,Germany
C0762,Amanda Walker,Female,46-60,Germany
C0763,David Washington,Male,18-25,USA
C0764,Jose Rodriguez,Male,46-60,Germany
C0765,Laurie Moore,Male,36-45,France
C0766,Arthur Levy,Male,60+,USA
C0767,Amanda Curtis,Female,60+,UK
C0768,Mark Sweeney,Male,18-25,Canada
C0769,Nicholas Bray,Male,18-25,Canada
C0770,Mary Porter,Female,36-45,France
C0771,Kathleen Fox,Male,46-60,USA
C0772,Jennifer Gonzalez,Male,60+,Canada
C0773,Randy Miller,Male,46-60,Canada
C0774,Albert Sampson,Female,26-35,France
C0775,Alan Castaneda,Male,26-35,Canada
C0776,Elizabeth Williams,Male,18-25,Germany
C0777,Nathaniel Marsh,Female,18-25,USA
C0778,Amy Pham,Female,36-45,UK
C0779,Elizabeth Wright,Male,46-60,Germany
C0780,Heather English,Female,46-60,UK
C0781,Karen Bowman,Male,26-35,UK
C0782,Sara Bryant,Female,36-45,USA
C0783,Debbie Garcia,Female,26-35,USA
C0784,Heather Stone,Female,36-45,USA
C0785,James Carr,Female,46-60,Canada
C0786,Kelsey Armstrong,Female,46-60,USA
C0787,Ann Massey,Female,18-25,Canada
C0788,Jonathan Barnes,Female,18-25,USA
C0789,Victor Hill,Female,46-60,UK
C0790,Bryan Howard,Male,26-35,UK
C0791,Jose Proctor,Male,60+,USA
C0792,William Johnson,Male,26-35,UK
C0793,Natalie Randolph,Female,18-25,UK
C0794,Stephanie Rodriguez,Female,18-25,France
C0795,Noah Ryan,Female,46-60,France
C0796,Scott Carlson,Female,36-45,Germany
C0797,Jimmy Glover,Male,26-35,UK
C0798,Christopher Washington,Male,26-35,UK
C0799,Cynthia Chen,Female,36-45,USA
C0800,Tiffany Watson,Male,36-45,Canada
C0801,Stacey Cobb,Female,36-45,Canada
C0802,Kimberly Jones,Male,26-35,UK
C0803,Breanna Diaz,Male,36-45,Germany
C0804,Jon Taylor,Male,36-45,UK
C0805,Angela Trevino,Male,60+,UK
C0806,Wesley Ryan,Male,26-35,Germany
C0807,Benjamin Bright,Male,18-25,Germany
C0808,Mark Johnson,Female,46-60,Germany
C0809,Dr. Jennifer Fernandez,Female,18-25,Germany
C0810,John Jennings,Male,26-35,Germany
C0811,Tina Alvarado,Male,18-25,Canada
C0812,Timothy Francis,Male,18-25,UK
C0813,Brianna Wong,Female,46-60,USA
C0814,Andrew Wilson,Female,26-35,France
C0815,Linda Best,Male,36-45,USA
C0816,Carolyn Campbell,Female,36-45,Canada
C0817,Danielle Sullivan,Female,26-35,UK
C0818,Thomas Marshall,Male,36-45,Canada
C0819,Carol Watson,Female,26-35,UK
C0820,Mary Carpenter,Female,36-45,UK
C0821,Spencer Carlson,Female,26-35,UK
C0822,Mason Deleon,Male,26-35,UK
C0823,Elizabeth Fritz,Male,46-60,USA
C0824,Dustin Wilson,Male,60+,Germany
C0825,Jose Lane,Male,46-60,Germany
C0826,Michael Mcdowell,Female,18-25,Canada
C0827,Christina Chen,Male,26-35,Germany
C0828,Jennifer Donovan,Female,26-35,Germany
C0829,Joy Gonzalez,Female,46-60,Canada
C0830,Brandon Huffman,Female,18-25,France
C0831,Laura Gallegos,Male,46-60,France
C0832,Jonathan Hampton,Female,26-35,France
C0833,Timothy Gill,Male,18-25,Canada
C0834,Megan Mccarthy,Female,26-35,Canada
C0835,Maria Moore,Female,46-60,UK
C0836,Amanda Jackson,Male,36-45,Germany
C0837,Dr. Amanda Robertson,Male,36-45,Germany
C0838,Christopher Myers,Female,18-25,France
C0839,Ashley Donaldson,Male,36-45,Germany
C0840,Deborah Vega,Female,36-45,France
C0841,Susan Hahn,Female,60+,UK
C0842,Stephanie Porter,Female,36-45,Germany
C0843,Michelle Thompson,Female,60+,UK
C0844,Edward Beasley,Female,46-60,UK
C0845,Rachel Hinton,Female,36-45,Germany
C0846,Austin Diaz,Female,26-35,France
C0847,Ryan Davis,Female,18-25,USA
C0848,Dale Rivers,Male,46-60,UK
C0849,Daniel Vasquez,Male,26-35,Canada
C0850,James Diaz,Male,36-45,UK
C0851,Jose Hernandez,Male,60+,UK
C0852,Michael Hughes,Female,36-45,France
C0853,Henry Romero,Female,26-35,Germany
C0854,Devin Mccarty,Female,60+,France
C0855,Robert Kelly,Female,26-35,France
C0856,Benjamin Harris,Female,26-35,France
C0857,Jennifer Hinton DVM,Male,26-35,USA
C0858,Carrie Martin,Male,36-45,UK
C0859,Dana Alvarez,Female,36-45,France
C0860,Justin Robinson,Male,26-35,USA
C0861,Tiffany Cross,Female,46-60,USA
C0862,Ryan Moore,Female,60+,Germany
C0863,James Tran,Male,36-45,Germany
C0864,Erik Moore,Male,18-25,Germany
C0865,Michael Goodman,Female,36-45,UK
C0866,Lori Wheeler,Male,46-60,France
C0867,Raymond West,Male,46-60,Germany
C0868,William Smith,Female,46-60,USA
C0869,Timothy Perez,Female,18-25,UK
C0870,Carlos Terry,Female,26-35,USA
C0871,Mary Erickson,Male,36-45,France
C0872,Amber Frost,Male,26-35,UK
C0873,Kristen Fox,Male,18-25,UK
C0874,Joy Atkins,Male,26-35,USA
C0875,Jennifer Klein,Male,36-45,Canada
C0876,Monique Austin,Male,26-35,UK
C0877,Corey Whitaker,Male,18-25,France
C0878,Brian Jackson,Female,26-35,Germany
C0879,Kelly Jordan,Female,26-35,Canada
C0880,Michelle Thomas,Male,36-45,Germany
C0881,Nathaniel Dean,Male,18-25,Canada
C0882,Jeremiah Oconnell,Female,46-60,Germany
C0883,Lindsey Hutchinson,Male,36-45,France
C0884,Kristen Wagner,Female,18-25,Germany
C0885,Philip West,Male,26-35,Germany
C0886,Paula Sheppard,Female,18-25,Canada
C0887,Jill Matthews,Female,26-35,Canada
C0888,Marcus Hess,Male,18-25,Germany
C0889,Madison Gonzalez,Male,18-25,USA
C0890,David Shelton,Female,26-35,UK
C0891,Kristi Stevens,Male,26-35,USA
C0892,Randy Wheeler,Male,36-45,France
C0893,William Cruz,Female,18-25,Canada
C0894,Taylor Russell,Female,46-60,Canada
C0895,Scott King,Male,36-45,France
C0896,Patricia Reeves,Female,26-35,UK
C0897,John Parker,Female,46-60,USA
C0898,Mario Hernandez,Male,36-45,Canada
C0899,Joshua White,Female,46-60,UK
C0900,Tara Daugherty,Female,36-45,Germany
C0901,Michael Liu,Male,46-60,UK
C0902,Manuel Caldwell,Male,60+,Canada
C0903,Roger Ross,Female,46-60,France
C0904,Thomas Walters,Female,36-45,UK
C0905,Stephen Evans,Female,60+,UK
C0906,Lisa Reyes,Male,46-60,France
C0907,John Armstrong,Male,36-45,UK
C0908,Christopher Medina,Female,36-45,UK
C0909,Jason Smith,Female,26-35,Germany
C0910,Savannah Cardenas,Female,36-45,Canada
C0911,Matthew Stewart,Female,18-25,UK
C0912,Timothy Green,Male,26-35,UK
C0913,Christopher Huffman,Male,36-45,UK
C0914,Brianna Mckenzie,Female,36-45,UK
C0915,Margaret Santiago,Male,36-45,France
C0916,Christian Mann,Male,18-25,France
C0917,Felicia Garcia,Female,26-35,Germany
C0918,Sara Bird,Male,36-45,UK
C0919,Reginald Brown,Male,46-60,Canada
C0920,Abigail Martinez,Female,18-25,Canada
C0921,Ricky Duarte,Female,18-25,USA
C0922,Carrie Phillips,Female,36-45,Germany
C0923,Gregory Hunter,Male,46-60,USA
C0924,Hannah Rogers,Female,26-35,France
C0925,Alex Phillips,Female,36-45,USA
C0926,Sherry Everett,Female,46-60,Canada
C0927,Deborah West,Male,26-35,Canada
C0928,Joel Roberts,Male,26-35,UK
C0929,Gerald Miller,Male,46-60,Germany
C0930,Gabrielle Ferrell,Female,46-60,USA
C0931,Keith Williams,Male,36-45,Germany
C0932,Jennifer Clark,Female,46-60,France
C0933,Debbie Bryan MD,Female,18-25,UK
C0934,Peter Stewart,Male,46-60,France
C0935,Anthony Perez,Female,46-60,France
C0936,David Pena,Male,18-25,UK
C0937,Phillip Cantrell,Male,46-60,Canada
C0938,Tyler Bryan,Female,60+,France
C0939,James Collins,Female,46-60,France
C0940,Richard Cannon,Female,36-45,Canada
C0941,Mrs. Jenna Gordon DDS,Male,36-45,USA
C0942,Stacey Allen,Male,46-60,USA
C0943,Michael Wood,Female,18-25,Canada
C0944,Melissa Graham,Female,46-60,Canada
C0945,Maureen Bryant,Female,18-25,USA
C0946,Maria Allen,Male,60+,Germany
C0947,Monica Wang,Male,26-35,France
C0948,William Rasmussen,Male,46-60,Germany
C0949,Matthew White,Female,26-35,UK
C0950,Laura Bradley,Male,36-45,USA
C0951,Ryan Gross,Female,26-35,UK
C0952,Jill Sharp,Female,26-35,UK
C0953,Ronald Moran,Male,26-35,UK
C0954,Kelsey Cunningham,Female,46-60,Germany
C0955,Bryan Whitehead,Male,18-25,USA
C0956,John Russell,Female,46-60,France
C0957,Amber Fitzgerald,Female,46-60,Canada
C0958,Mrs. Jennifer Dixon,Male,60+,USA
C0959,Carly Sullivan,Female,36-45,USA
C0960,Charles Clark,Female,26-35,France
C0961,Jonathan Walker,Female,26-35,USA
C0962,Christine Johnson,Female,26-35,UK
C0963,Anthony Castro,Male,60+,UK
C0964,Stacey Wu,Female,46-60,USA
C0965,Melissa Olsen,Female,26-35,UK
C0966,David Davis,Female,18-25,USA
C0967,Robert Carpenter,Male,26-35,UK
C0968,Ronald Thomas,Female,26-35,France
C0969,Patrick Ramsey,Female,46-60,Canada
C0970,Melissa Smith,Male,26-35,France
C0971,Amy Watson,Female,60+,UK
C0972,Sarah Carter,Female,46-60,USA
C0973,Jerry Garcia,Female,18-25,USA
C0974,Beverly Tran,Female,36-45,USA
C0975,Thomas Hess MD,Female,36-45,France
C0976,Andrea Robinson,Female,46-60,Germany
C0977,Latoya Bennett,Male,60+,Canada
C0978,Gary Nelson,Female,36-45,Canada
C0979,Jason Long,Female,46-60,UK
C0980,Matthew Stevenson,Male,26-35,Germany
C0981,William Martin,Male,36-45,Germany
C0982,Shawn James,Male,60+,USA
C0983,Daniel Ferguson,Female,26-35,Germany
C0984,Colin Rodriguez,Male,46-60,Canada
C0985,Michelle Bush MD,Male,18-25,USA
C0986,Kyle Wheeler,Male,26-35,Canada
C0987,Steven Larson,Female,46-60,Germany
C0988,John Dunn,Female,46-60,UK
C0989,Jocelyn Taylor MD,Female,26-35,France
C0990,Raymond Davidson,Female,36-45,Germany
C0991,Christopher Powell,Female,26-35,UK
C0992,Kimberly Morrison,Female,46-60,Germany
C0993,Ashley Barr,Female,26-35,Canada
C0994,Kimberly Russell,Female,26-35,Canada
C0995,Sheri Gould,Female,60+,USA
C0996,Daniel Brooks DDS,Male,46-60,France
C0997,Tiffany Bradley,Female,18-25,France
C0998,Samuel Cooley,Female,26-35,UK
C0999,Michael Larson,Male,26-35,France
C1000,Rachel Fisher,Female,36-45,France
